Index,SeriesName,SeriesCode,CountryName,CountryCode,YR2011,YR2012,YR2013,YR2014,YR2015,YR2016,YR2017,YR2018,YR2019
0,GDP per capita (current US$),NY.GDP.PCAP.CD,Afghanistan,AFG,0.591162759,0.641871479,0.637165523,0.613856689,0.578466353,0.509218661,0.519884773,0.493750418,0.507103432
1,GDP per capita (current US$),NY.GDP.PCAP.CD,Albania,ALB,4.437142885,4.247629984,4.413060861,4.578631994,3.952801215,4.124055726,4.531020806,5.284380184,5.353244856
2,GDP per capita (current US$),NY.GDP.PCAP.CD,Algeria,DZA,5.462260897,5.591212353,5.498784095,5.494352336,4.187509727,3.945482081,4.11129411,4.153733978,3.973964072
3,GDP per capita (current US$),NY.GDP.PCAP.CD,Andorra,AND,43.33532886,38.68646126,39.53876672,41.30392937,35.76252307,37.47466541,38.96288035,41.79305526,40.88639116
4,GDP per capita (current US$),NY.GDP.PCAP.CD,Angola,AGO,4.615468028,5.100095808,5.254882338,5.408410496,4.166979684,3.506072885,4.095812942,3.289646664,2.790726615
5,GDP per capita (current US$),NY.GDP.PCAP.CD,Antigua and Barbuda,ATG,12.74620502,13.27244133,12.90974418,13.50158092,14.28609316,15.19761746,15.38341519,16.67274424,17.11282113
6,GDP per capita (current US$),NY.GDP.PCAP.CD,Argentina,ARG,12.8488642,13.08266433,13.08025473,12.33479825,13.78906042,12.79024247,14.61304182,11.63349801,9.912281809
7,GDP per capita (current US$),NY.GDP.PCAP.CD,Armenia,ARM,3.525804747,3.681857456,3.838185801,3.986231624,3.607296697,3.591829276,3.914501268,4.220490277,4.622733493
8,GDP per capita (current US$),NY.GDP.PCAP.CD,Australia,AUS,62.51783375,68.0121479,68.15010704,62.51079117,56.75572171,49.97113146,54.02796682,57.35496405,55.0603261
9,GDP per capita (current US$),NY.GDP.PCAP.CD,Austria,AUT,51.37495841,48.56769529,50.71670871,51.71749594,44.17804738,45.27683144,47.42651196,51.47828526,50.13766278
10,GDP per capita (current US$),NY.GDP.PCAP.CD,Azerbaijan,AZE,7.189691229,7.496294648,7.875756953,7.891313147,5.500310382,3.880738731,4.147089716,4.73984171,4.79358702
11,GDP per capita (current US$),NY.GDP.PCAP.CD,"Bahamas, The",BHS,28.00637972,29.48562093,28.78355412,29.98006114,31.29506208,31.56263974,32.7186381,33.76750337,34.8637421
12,GDP per capita (current US$),NY.GDP.PCAP.CD,Bahrain,BHR,22.51423795,23.65435139,24.74429696,24.98940012,22.63411865,22.60848428,23.74298502,23.99105668,23.50397713
13,GDP per capita (current US$),NY.GDP.PCAP.CD,Bangladesh,BGD,0.861758444,0.883105001,0.981839879,1.118853663,1.248453398,1.401620628,1.563913699,1.698350394,1.855739824
14,GDP per capita (current US$),NY.GDP.PCAP.CD,Barbados,BRB,16.45835321,16.24955939,16.45116358,16.48907224,16.52507325,16.90016655,17.39142587,17.74519346,18.14824493
15,GDP per capita (current US$),NY.GDP.PCAP.CD,Belarus,BLR,6.519230195,6.940159254,7.978872615,8.31851269,5.949106307,5.022626643,5.76174712,6.330075246,6.663295293
16,GDP per capita (current US$),NY.GDP.PCAP.CD,Belgium,BEL,47.34852502,44.67311588,46.74466254,47.70054036,40.99180814,41.98410303,44.19262303,47.58307494,46.42066377
17,GDP per capita (current US$),NY.GDP.PCAP.CD,Belize,BLZ,4.423489797,4.505621302,4.568502958,4.70560269,4.775955648,4.818403909,4.887577208,4.884734162,4.815163711
18,GDP per capita (current US$),NY.GDP.PCAP.CD,Benin,BEN,1.130273132,1.145140811,1.251210518,1.291409808,1.076797716,1.087287832,1.136592847,1.240829464,1.219432672
19,GDP per capita (current US$),NY.GDP.PCAP.CD,Bermuda,BMU,97.77416207,98.43186518,99.4716389,98.46768399,102.0056256,106.8858785,111.8205815,113.0214174,117.0892863
20,GDP per capita (current US$),NY.GDP.PCAP.CD,Bhutan,BTN,2.563257527,2.5389459,2.472714309,2.652214589,2.752664208,2.930562989,3.286574703,3.243486036,3.316175714
21,GDP per capita (current US$),NY.GDP.PCAP.CD,Bolivia,BOL,2.346337155,2.609880814,2.908200095,3.081878823,3.035972214,3.07665895,3.351124044,3.548590155,3.55206876
22,GDP per capita (current US$),NY.GDP.PCAP.CD,Bosnia and Herzegovina,BIH,5.092551943,4.778636088,5.131394506,5.329635045,4.727277712,4.99468314,5.39459122,6.072184623,6.108510696
23,GDP per capita (current US$),NY.GDP.PCAP.CD,Botswana,BWA,7.61732516,7.050573472,7.224965281,7.780653384,6.799870178,7.243870253,7.893232534,8.279601739,7.961325181
24,GDP per capita (current US$),NY.GDP.PCAP.CD,Brazil,BRA,13.2456125,12.3700242,12.30032488,12.11258821,8.814000987,8.71009669,9.925386238,9.001234249,8.717186278
25,GDP per capita (current US$),NY.GDP.PCAP.CD,Brunei Darussalam,BRN,47.05584112,47.7405149,44.74008502,41.72678397,31.16456203,27.15782341,28.57214678,31.62832879,31.08675112
26,GDP per capita (current US$),NY.GDP.PCAP.CD,Bulgaria,BGR,7.809425062,7.395849803,7.655129708,7.876866465,7.055935673,7.548855007,8.334081728,9.42773043,9.828148515
27,GDP per capita (current US$),NY.GDP.PCAP.CD,Burkina Faso,BFA,0.751172957,0.758000701,0.787470176,0.792846778,0.65332698,0.688249663,0.73499443,0.813096849,0.786895631
28,GDP per capita (current US$),NY.GDP.PCAP.CD,Burundi,BDI,0.249577979,0.25235898,0.256976003,0.274857948,0.305549773,0.28219313,0.292997631,0.271752044,0.261247473
29,GDP per capita (current US$),NY.GDP.PCAP.CD,Cabo Verde,CPV,3.740389099,3.447524041,3.615979041,3.588674054,3.043013984,3.130963386,3.292645755,3.617327489,3.603781793
30,GDP per capita (current US$),NY.GDP.PCAP.CD,Cambodia,KHM,0.882275493,0.950880346,1.013420401,1.093496191,1.16290492,1.269591257,1.38525998,1.51212671,1.643121389
31,GDP per capita (current US$),NY.GDP.PCAP.CD,Cameroon,CMR,1.405094392,1.354545613,1.465638843,1.542620266,1.327503017,1.36433011,1.425107818,1.534493702,1.507450206
32,GDP per capita (current US$),NY.GDP.PCAP.CD,Canada,CAN,52.08744638,52.67839012,52.65259368,50.89344671,43.58551198,42.32248478,45.14855271,46.31317137,46.19472523
33,GDP per capita (current US$),NY.GDP.PCAP.CD,Central African Republic,CAF,0.551750097,0.565800697,0.380298168,0.424448751,0.377423002,0.402191291,0.450900245,0.47595361,0.467907441
34,GDP per capita (current US$),NY.GDP.PCAP.CD,Chad,TCD,0.984735892,0.967352798,0.97981241,1.020288204,0.776019532,0.693449387,0.665948353,0.726149881,0.70954031
35,GDP per capita (current US$),NY.GDP.PCAP.CD,Chile,CHL,14.63724024,15.35155133,15.84294081,14.67099676,13.57417183,13.75359444,14.99937009,15.92479424,14.89645387
36,GDP per capita (current US$),NY.GDP.PCAP.CD,China,CHN,5.618132267,6.316918318,7.050646271,7.678599486,8.066942635,8.147937705,8.879438667,9.976677137,10.26167925
37,GDP per capita (current US$),NY.GDP.PCAP.CD,Colombia,COL,7.335166934,8.050255372,8.218347844,8.114343921,6.17587603,5.870777957,6.376706716,6.716911598,6.428676206
38,GDP per capita (current US$),NY.GDP.PCAP.CD,Comoros,COM,1.447963587,1.40334862,1.505349473,1.513830379,1.24260319,1.273058953,1.32381159,1.415955313,1.370148207
39,GDP per capita (current US$),NY.GDP.PCAP.CD,"Congo, Dem. Rep.",COD,0.387082465,0.424600386,0.457963728,0.486787082,0.497316961,0.47131884,0.467074238,0.557064418,0.580716867
40,GDP per capita (current US$),NY.GDP.PCAP.CD,"Congo, Rep.",COG,3.562216188,3.922868267,3.884847513,3.754195467,2.46149417,2.074970159,2.191220438,2.577701705,2.279969131
41,GDP per capita (current US$),NY.GDP.PCAP.CD,Costa Rica,CRI,9.121932518,9.913209959,10.49008133,10.54715186,11.29913554,11.66645591,11.81462657,12.11213442,12.24381143
42,GDP per capita (current US$),NY.GDP.PCAP.CD,Cote d'Ivoire,CIV,1.208583026,1.243273487,1.415871758,1.561463655,1.972546108,2.013382462,2.111027076,2.314050681,2.276333279
43,GDP per capita (current US$),NY.GDP.PCAP.CD,Croatia,HRV,14.60952435,13.25835985,13.6744178,13.59940978,11.78173479,12.36148383,13.45162495,15.01408502,14.93610055
44,GDP per capita (current US$),NY.GDP.PCAP.CD,Curacao,CUW,20.14638641,20.58739736,20.46271795,20.25800969,19.9513279,19.55536585,19.45753152,19.57389265,19.68913982
45,GDP per capita (current US$),NY.GDP.PCAP.CD,Cyprus,CYP,32.39638574,28.91215694,27.7291927,27.12962612,23.33371491,24.53251906,26.33869434,28.68970672,27.858371
46,GDP per capita (current US$),NY.GDP.PCAP.CD,Czech Republic,CZE,21.87126608,19.87080121,20.13316914,19.89091991,17.82969832,18.57523203,20.63619995,23.41584363,23.4945962
47,GDP per capita (current US$),NY.GDP.PCAP.CD,Denmark,DNK,61.75364713,58.50750805,61.1911937,62.54898473,53.25485637,54.66399837,57.61009818,61.5985367,60.17034264
48,GDP per capita (current US$),NY.GDP.PCAP.CD,Djibouti,DJI,1.45154298,1.559240651,2.312728803,2.464327841,2.658978753,2.802197051,2.914383856,3.141889219,3.41492487
49,GDP per capita (current US$),NY.GDP.PCAP.CD,Dominica,DMA,7.065061847,6.848394227,7.016676471,7.318103783,7.596435062,8.080968623,7.274721333,7.69387887,8.110568512
50,GDP per capita (current US$),NY.GDP.PCAP.CD,Dominican Republic,DOM,5.913432072,6.110369652,6.238133608,6.608828102,6.921517228,7.280880109,7.6093388,8.05063044,8.282116359
51,GDP per capita (current US$),NY.GDP.PCAP.CD,Ecuador,ECU,5.20055579,5.682045007,6.056330827,6.37709153,6.124491643,6.060093329,6.213501276,6.295935399,6.183823825
52,GDP per capita (current US$),NY.GDP.PCAP.CD,"Egypt, Arab Rep.",EGY,2.791810799,3.22968563,3.262658029,3.37955851,3.562932735,3.519873203,2.444290311,2.537125365,3.019205829
53,GDP per capita (current US$),NY.GDP.PCAP.CD,El Salvador,SLV,3.266012062,3.42840718,3.509531493,3.589042193,3.705577946,3.805993666,3.910257193,4.067659449,4.187250031
54,GDP per capita (current US$),NY.GDP.PCAP.CD,Equatorial Guinea,GNQ,21.64187052,21.71115323,20.39071932,19.39402999,11.28346561,9.250331953,9.667912252,10.14419581,8.131923888
55,GDP per capita (current US$),NY.GDP.PCAP.CD,Estonia,EST,17.62154796,17.53442135,19.17410033,20.36710316,17.52223019,18.43725282,20.45846073,23.17070738,23.72330611
56,GDP per capita (current US$),NY.GDP.PCAP.CD,Eswatini,SWZ,4.496600379,4.527668988,4.230344056,4.038557228,3.679799799,3.425559509,3.914613252,4.106197153,3.894679807
57,GDP per capita (current US$),NY.GDP.PCAP.CD,Ethiopia,ETH,0.354479576,0.467077927,0.499531572,0.566926467,0.640541891,0.717124593,0.768522308,0.771523814,0.855760862
58,GDP per capita (current US$),NY.GDP.PCAP.CD,Fiji,FJI,4.37145751,4.591555784,4.840693716,5.605570356,5.390745258,5.651318055,6.101030839,6.317487853,6.17588872
59,GDP per capita (current US$),NY.GDP.PCAP.CD,Finland,FIN,51.08199767,47.71079022,49.87804324,50.26029986,42.78469836,43.78428396,46.33666325,50.03087731,48.78278848
60,GDP per capita (current US$),NY.GDP.PCAP.CD,France,FRA,43.79073205,40.87470351,42.59293409,43.0112631,36.63818493,37.03737419,38.81216103,41.63109074,40.49392857
61,GDP per capita (current US$),NY.GDP.PCAP.CD,Gabon,GAB,10.80964645,9.813477703,9.68357629,9.66342924,7.38471587,6.984451019,7.230396393,7.956627816,7.767013404
62,GDP per capita (current US$),NY.GDP.PCAP.CD,"Gambia, The",GMB,0.762761054,0.742781138,0.700514972,0.607428404,0.660723571,0.690778886,0.679756914,0.732717514,0.777811932
63,GDP per capita (current US$),NY.GDP.PCAP.CD,Georgia,GEO,4.021743306,4.421818242,4.623745725,4.739188338,4.014185944,4.062169888,4.357000936,4.722787783,4.697704576
64,GDP per capita (current US$),NY.GDP.PCAP.CD,Germany,DEU,46.64477603,43.85836306,46.28576407,47.95999327,41.08672967,42.10751727,44.55281937,47.81050767,46.4452491
65,GDP per capita (current US$),NY.GDP.PCAP.CD,Ghana,GHA,1.549462902,1.587561237,2.345392906,1.971033347,1.743850996,1.93138947,2.025932424,2.202312164,2.202115567
66,GDP per capita (current US$),NY.GDP.PCAP.CD,Greece,GRC,25.91629349,22.24268195,21.87481947,21.76097975,18.16777373,18.11645965,18.93021863,20.32430499,19.58253598
67,GDP per capita (current US$),NY.GDP.PCAP.CD,Grenada,GRD,7.291058897,7.444504768,7.789776381,8.369886755,9.096870646,9.628347487,10.15283281,10.48590716,10.80867212
68,GDP per capita (current US$),NY.GDP.PCAP.CD,Guatemala,GTM,3.281667502,3.408784916,3.522773698,3.779642319,3.994636913,4.173301666,4.451450981,4.472892371,4.619985258
69,GDP per capita (current US$),NY.GDP.PCAP.CD,Guinea,GIN,0.651135364,0.717050738,0.769003943,0.78723807,0.769256014,0.732291075,0.85557364,0.878599613,0.962839909
70,GDP per capita (current US$),NY.GDP.PCAP.CD,Guinea-Bissau,GNB,0.703663719,0.616376432,0.634662809,0.623310882,0.603401118,0.661456725,0.738549945,0.77834991,0.697294927
71,GDP per capita (current US$),NY.GDP.PCAP.CD,Guyana,GUY,4.908573542,5.378733644,5.489113841,5.407089963,5.576833337,5.811375322,6.124929967,6.145842411,6.609586425
72,GDP per capita (current US$),NY.GDP.PCAP.CD,Haiti,HTI,1.287954058,1.337335431,1.393955951,1.402100156,1.38911952,1.265987633,1.294239746,1.435351756,1.272490925
73,GDP per capita (current US$),NY.GDP.PCAP.CD,Honduras,HND,2.0883153,2.144342611,2.102593166,2.206051934,2.302201379,2.342584651,2.453727896,2.505776752,2.574912191
74,GDP per capita (current US$),NY.GDP.PCAP.CD,"Hong Kong SAR, China",HKG,35.14248793,36.7308767,38.40377771,40.31528556,42.43188828,43.73110682,46.16585651,48.54340099,48.71347375
75,GDP per capita (current US$),NY.GDP.PCAP.CD,Hungary,HUN,14.21616561,12.95068652,13.68751406,14.26701215,12.70689121,13.09050673,14.60585435,16.41018726,16.73182151
76,GDP per capita (current US$),NY.GDP.PCAP.CD,Iceland,ISL,47.51687469,45.91002054,49.52223658,54.24193464,52.56442918,61.46680395,71.31093926,72.96870423,66.94483308
77,GDP per capita (current US$),NY.GDP.PCAP.CD,India,IND,1.458103527,1.443879529,1.449605912,1.573881492,1.605605434,1.732564262,1.98165105,2.005863005,2.099599048
78,GDP per capita (current US$),NY.GDP.PCAP.CD,Indonesia,IDN,3.643043936,3.694348946,3.623911582,3.491624791,3.331695128,3.562845756,3.837651731,3.893846425,4.135569263
79,GDP per capita (current US$),NY.GDP.PCAP.CD,Iraq,IRQ,6.036396243,6.829963954,7.07687718,6.818804621,4.989803075,4.777197619,5.205288255,5.834166211,5.95510901
80,GDP per capita (current US$),NY.GDP.PCAP.CD,Ireland,IRL,51.8489097,48.91789761,51.59018859,55.49298256,61.9954228,63.1970824,69.82234708,78.62122793,78.66095646
81,GDP per capita (current US$),NY.GDP.PCAP.CD,Israel,ISR,33.66924648,32.51123785,36.30946883,37.67888977,35.77679516,37.32162404,40.54186209,41.71972544,43.59208358
82,GDP per capita (current US$),NY.GDP.PCAP.CD,Italy,ITA,38.59906221,35.05352624,35.5499747,35.51841529,30.2302263,30.93971425,32.40672032,34.61575689,33.22823668
83,GDP per capita (current US$),NY.GDP.PCAP.CD,Jamaica,JAM,5.111471413,5.209851931,4.989171391,4.833790318,4.90750372,4.843338474,5.069183838,5.354236859,5.582263778
84,GDP per capita (current US$),NY.GDP.PCAP.CD,Japan,JPN,48.16799727,48.60347665,40.45444746,38.10941211,34.52446986,38.76181815,38.38651115,39.15942356,40.24688013
85,GDP per capita (current US$),NY.GDP.PCAP.CD,Jordan,JOR,3.852752767,3.909907569,4.043749038,4.130879055,4.164107876,4.17658891,4.234403133,4.312180117,4.405488412
86,GDP per capita (current US$),NY.GDP.PCAP.CD,Kazakhstan,KAZ,11.6340019,12.3867,13.89063177,12.80726069,10.51077189,7.714841844,9.247581331,9.812601405,9.812390376
87,GDP per capita (current US$),NY.GDP.PCAP.CD,Kenya,KEN,0.971633329,1.136871406,1.210388014,1.315804535,1.336883349,1.410527568,1.572335496,1.707986805,1.816546916
88,GDP per capita (current US$),NY.GDP.PCAP.CD,Kiribati,KIR,1.735018358,1.788505421,1.715765331,1.642762597,1.54257525,1.584807446,1.640500104,1.698256286,1.655078839
89,GDP per capita (current US$),NY.GDP.PCAP.CD,"Korea, Rep.",KOR,25.09626388,25.46676052,27.18273431,29.24957522,28.73223108,29.28887044,31.6168434,33.42294421,31.84621823
90,GDP per capita (current US$),NY.GDP.PCAP.CD,Kosovo,XKX,3.741875052,3.596804655,3.891266363,4.080330717,3.603025501,3.780003689,4.045614209,4.419914327,4.417524062
91,GDP per capita (current US$),NY.GDP.PCAP.CD,Kuwait,KWT,48.6316913,51.97910517,49.38813741,44.06231704,29.86952939,27.65306677,29.75943649,33.99438192,32.00044847
92,GDP per capita (current US$),NY.GDP.PCAP.CD,Kyrgyz Republic,KGZ,1.123883168,1.177974735,1.282437162,1.279769783,1.121082835,1.120666513,1.242769643,1.308140165,1.309392992
93,GDP per capita (current US$),NY.GDP.PCAP.CD,Lao PDR,LAO,1.378361365,1.581395403,1.825665113,1.998335215,2.134711796,2.308800482,2.423846203,2.542486528,2.53489828
94,GDP per capita (current US$),NY.GDP.PCAP.CD,Latvia,LVA,13.89516257,13.92634731,15.12078189,15.71353697,13.77460527,14.31579289,15.68222145,17.85827998,17.82889466
95,GDP per capita (current US$),NY.GDP.PCAP.CD,Lebanon,LBN,7.67483535,7.950695378,7.931080476,7.68625603,7.644548657,7.629891117,7.801178658,8.024803271,7.583694722
96,GDP per capita (current US$),NY.GDP.PCAP.CD,Lesotho,LSO,1.308690069,1.253696204,1.193713255,1.223333034,1.152139829,1.043569791,1.150079174,1.221883763,1.118131284
97,GDP per capita (current US$),NY.GDP.PCAP.CD,Liberia,LBR,0.596897081,0.657936256,0.721930055,0.721182795,0.710383858,0.714623392,0.698701764,0.677322179,0.621892954
98,GDP per capita (current US$),NY.GDP.PCAP.CD,Libya,LBY,5.554179164,13.02528139,10.36378949,6.46691027,4.337919139,4.035194316,5.75669845,7.877122251,7.685949267
99,GDP per capita (current US$),NY.GDP.PCAP.CD,Lithuania,LTU,14.39253426,14.37306052,15.72662683,16.56495655,14.25822933,14.99812506,16.88540739,19.17617652,19.60189083
100,GDP per capita (current US$),NY.GDP.PCAP.CD,Luxembourg,LUX,115.7615077,106.7490136,113.6251329,118.8236484,101.3764966,104.278391,107.627151,116.6542611,114.7045942
101,GDP per capita (current US$),NY.GDP.PCAP.CD,"Macao SAR, China",MAC,66.64438534,76.29184749,89.28745402,93.7771068,75.34098698,74.06108603,81.51667492,87.20853591,84.09639631
102,GDP per capita (current US$),NY.GDP.PCAP.CD,Madagascar,MDG,0.531265572,0.518152954,0.5410662,0.530861346,0.467235399,0.475955417,0.515292725,0.527501326,0.523359065
103,GDP per capita (current US$),NY.GDP.PCAP.CD,Malawi,MWI,0.534951265,0.391561832,0.34843027,0.37126975,0.380597033,0.315777326,0.356717573,0.381258988,0.41155234
104,GDP per capita (current US$),NY.GDP.PCAP.CD,Malaysia,MYS,10.39937275,10.81744287,10.97012328,11.31907976,9.955243708,9.817738457,10.25918178,11.377455,11.41420698
105,GDP per capita (current US$),NY.GDP.PCAP.CD,Maldives,MDV,7.29142764,7.265613656,7.928457365,8.499365756,9.033439867,9.209244727,9.577625194,10.27693282,10.6265134
106,GDP per capita (current US$),NY.GDP.PCAP.CD,Mali,MLI,0.837603441,0.778619286,0.805032838,0.848274054,0.751474789,0.780718599,0.830018367,0.894802187,0.87900801
107,GDP per capita (current US$),NY.GDP.PCAP.CD,Malta,MLT,23.15555477,22.52763686,24.77107668,26.75426859,24.92160357,25.61782691,28.09186165,30.43722151,29.82060325
108,GDP per capita (current US$),NY.GDP.PCAP.CD,Mauritania,MRT,1.879771427,1.815219429,1.892095487,1.677108166,1.524072883,1.53685415,1.578114174,1.600876469,1.679444873
109,GDP per capita (current US$),NY.GDP.PCAP.CD,Mauritius,MUS,9.197026972,9.291227619,9.63700265,10.15393822,9.260447303,9.681618567,10.48490836,11.20834382,11.09924028
110,GDP per capita (current US$),NY.GDP.PCAP.CD,Mexico,MEX,10.20342085,10.24172792,10.72518332,10.92891683,9.616645006,8.744515772,9.287849736,9.686513783,9.946033829
111,GDP per capita (current US$),NY.GDP.PCAP.CD,Moldova,MDA,2.942255949,3.045739874,3.322038436,3.328801449,2.732457113,2.880439281,3.50969345,4.233743437,4.503516985
112,GDP per capita (current US$),NY.GDP.PCAP.CD,Mongolia,MNG,3.757558633,4.35188692,4.366075901,4.158525715,3.918579174,3.660150746,3.66941754,4.134987198,4.339843279
113,GDP per capita (current US$),NY.GDP.PCAP.CD,Montenegro,MNE,7.329026063,6.586456756,7.186819262,7.378044404,6.514569188,7.028663454,7.784087912,8.846056525,8.908934792
114,GDP per capita (current US$),NY.GDP.PCAP.CD,Morocco,MAR,3.046949136,2.912658275,3.121681176,3.171699192,2.875257985,2.896720003,3.036325255,3.222200634,3.204095003
115,GDP per capita (current US$),NY.GDP.PCAP.CD,Mozambique,MOZ,0.594586467,0.657645338,0.664078212,0.673969956,0.589859028,0.428926488,0.461415094,0.503318727,0.503570773
116,GDP per capita (current US$),NY.GDP.PCAP.CD,Myanmar,MMR,1.176242453,1.165794329,1.16233144,1.251820765,1.287430487,1.266546338,1.291542413,1.418177623,1.407813143
117,GDP per capita (current US$),NY.GDP.PCAP.CD,Namibia,NAM,5.72332549,5.942218604,5.377727318,5.43517196,4.869378373,4.523091281,5.303309171,5.495428925,4.957458222
118,GDP per capita (current US$),NY.GDP.PCAP.CD,Nauru,NRU,6.568102582,9.429633377,9.10191698,8.829356719,6.956253801,7.670116404,8.510868408,9.762389302,9.396981967
119,GDP per capita (current US$),NY.GDP.PCAP.CD,Nepal,NPL,0.699429338,0.698466479,0.715923743,0.743413381,0.792552891,0.777147596,0.911444267,1.038651647,1.071050761
120,GDP per capita (current US$),NY.GDP.PCAP.CD,Netherlands,NLD,54.15934661,50.07300566,52.18406185,52.83017423,45.17523189,46.00785292,48.67522234,53.04453244,52.33131673
121,GDP per capita (current US$),NY.GDP.PCAP.CD,New Zealand,NZL,38.43754316,39.9827543,42.96298821,44.55328221,38.61599518,40.10561339,42.84942632,42.94993058,42.08435337
122,GDP per capita (current US$),NY.GDP.PCAP.CD,Nicaragua,NIC,1.655801824,1.760468584,1.811632521,1.934063237,2.04984969,2.107572722,2.159157868,2.02055193,1.912903745
123,GDP per capita (current US$),NY.GDP.PCAP.CD,Niger,NER,0.512595605,0.529744994,0.552570095,0.564597482,0.484238633,0.498104164,0.51797503,0.572427154,0.55389505
124,GDP per capita (current US$),NY.GDP.PCAP.CD,Nigeria,NGA,2.487598154,2.723822777,2.961550284,3.0989863,2.687480145,2.176002245,1.968564738,2.027777979,2.229858696
125,GDP per capita (current US$),NY.GDP.PCAP.CD,North Macedonia,MKD,5.063786986,4.698141294,5.21067583,5.468480869,4.840273123,5.12915896,5.43087421,6.088972445,6.022216179
126,GDP per capita (current US$),NY.GDP.PCAP.CD,Norway,NOR,100.6005624,101.5241419,102.9134508,97.01918275,74.35551586,70.4591825,75.49675406,81.73446557,75.41963487
127,GDP per capita (current US$),NY.GDP.PCAP.CD,Oman,OMN,20.87678803,21.87262025,20.86579182,20.03517398,16.02861152,14.61873313,15.13052074,16.52118228,15.343062
128,GDP per capita (current US$),NY.GDP.PCAP.CD,Pakistan,PAK,1.164976129,1.198109001,1.20890431,1.251164104,1.356667756,1.368454326,1.464993305,1.482305667,1.284702041
129,GDP per capita (current US$),NY.GDP.PCAP.CD,Palau,PLW,11.09670893,12.04069161,12.55919573,13.71098377,15.87646193,16.64684908,16.06619497,15.6606746,14.90198353
130,GDP per capita (current US$),NY.GDP.PCAP.CD,Panama,PAN,9.358251475,10.72228363,11.88912763,12.79607004,13.63030797,14.34396363,15.15034561,15.59257368,15.73101603
131,GDP per capita (current US$),NY.GDP.PCAP.CD,Papua New Guinea,PNG,2.406909678,2.79067667,2.729891904,2.920783721,2.679345589,2.509631457,2.695251883,2.801373997,2.829170309
132,GDP per capita (current US$),NY.GDP.PCAP.CD,Paraguay,PRY,5.32296376,5.183082877,5.926832863,6.102943233,5.406703857,5.319410218,5.680580768,5.805675616,5.414799138
133,GDP per capita (current US$),NY.GDP.PCAP.CD,Peru,PER,5.86932308,6.528972218,6.756752769,6.672880255,6.229101696,6.20499726,6.710508029,6.941235848,6.977695784
134,GDP per capita (current US$),NY.GDP.PCAP.CD,Philippines,PHL,2.450733656,2.694305473,2.871430902,2.959648452,3.001040371,3.073653615,3.123234229,3.252092324,3.485084218
135,GDP per capita (current US$),NY.GDP.PCAP.CD,Poland,POL,13.87956099,13.09727085,13.6964663,14.27130585,12.57849547,12.44743959,13.86468176,15.46848222,15.69250703
136,GDP per capita (current US$),NY.GDP.PCAP.CD,Portugal,PRT,23.18691313,20.56488986,21.64704181,22.07430076,19.24236647,19.97840121,21.49042986,23.56255452,23.25205852
137,GDP per capita (current US$),NY.GDP.PCAP.CD,Puerto Rico,PRI,27.27888305,27.94473389,28.51316574,28.98145733,29.7634883,30.6271634,31.10875275,31.62189347,32.87371927
138,GDP per capita (current US$),NY.GDP.PCAP.CD,Qatar,QAT,82.40957733,85.0761415,85.05086635,83.85847685,63.03906349,57.16307568,59.12493237,65.9080669,62.08806183
139,GDP per capita (current US$),NY.GDP.PCAP.CD,Romania,ROU,9.099217539,8.507104775,9.547852151,10.04367745,8.969148921,9.548587403,10.80779539,12.39988934,12.91952964
140,GDP per capita (current US$),NY.GDP.PCAP.CD,Russian Federation,RUS,14.31108432,15.42087454,15.97464463,14.09564874,9.313013625,8.704898413,10.72033259,11.37081346,11.58499538
141,GDP per capita (current US$),NY.GDP.PCAP.CD,Rwanda,RWA,0.668868963,0.725627681,0.723258313,0.743994758,0.75163937,0.745342752,0.772318472,0.783287184,0.820025242
142,GDP per capita (current US$),NY.GDP.PCAP.CD,Samoa,WSM,3.933459357,4.02219912,4.037509315,3.937758712,4.07366601,4.109165135,4.259765001,4.188528346,4.324014018
143,GDP per capita (current US$),NY.GDP.PCAP.CD,Sao Tome and Principe,STP,1.254517923,1.330547404,1.564675304,1.77046575,1.58482776,1.700046541,1.813783235,1.95358829,1.946643614
144,GDP per capita (current US$),NY.GDP.PCAP.CD,Saudi Arabia,SAU,23.74580161,25.2433587,24.84474437,24.46390316,20.62793278,19.87929753,20.80374592,23.33896346,23.13979866
145,GDP per capita (current US$),NY.GDP.PCAP.CD,Senegal,SEN,1.373520789,1.329981379,1.376069816,1.396658225,1.219248662,1.269902108,1.361699588,1.465591006,1.446830965
146,GDP per capita (current US$),NY.GDP.PCAP.CD,Serbia,SRB,6.809159804,6.015945228,6.755073675,6.600056809,5.588980728,5.765200762,6.292543629,7.252401858,7.411836116
147,GDP per capita (current US$),NY.GDP.PCAP.CD,Seychelles,SYC,12.18909516,12.00668296,14.76567398,14.70033434,14.74534146,15.06862035,15.90608391,16.39082491,17.44827029
148,GDP per capita (current US$),NY.GDP.PCAP.CD,Sierra Leone,SLE,0.448337526,0.566378657,0.716835305,0.714700712,0.588228453,0.501415713,0.499380708,0.533991184,0.527533634
149,GDP per capita (current US$),NY.GDP.PCAP.CD,Singapore,SGP,53.89042873,55.54648854,56.96742579,57.56253079,55.64661875,56.82829535,60.91374533,66.1887794,65.23328244
150,GDP per capita (current US$),NY.GDP.PCAP.CD,Slovak Republic,SVK,18.36156948,17.48189544,18.26001577,18.67434406,16.31098841,16.50867036,17.55660082,19.40634753,19.2662755
151,GDP per capita (current US$),NY.GDP.PCAP.CD,Slovenia,SVN,25.09513229,22.64310025,23.4966025,24.21492207,20.88176693,21.66364341,23.51281727,26.11591337,25.94618219
152,GDP per capita (current US$),NY.GDP.PCAP.CD,Solomon Islands,SLB,1.938894767,2.141829226,2.248591321,2.274887866,2.167173826,2.225490435,2.332814874,2.441517393,2.37363247
153,GDP per capita (current US$),NY.GDP.PCAP.CD,South Africa,ZAF,8.007412846,7.501469984,6.832456891,6.433187277,5.734633629,5.272918425,6.132479841,6.374028196,6.001400814
154,GDP per capita (current US$),NY.GDP.PCAP.CD,Spain,ESP,31.63644631,28.32442934,29.05954795,29.46155033,25.73201836,26.50534322,28.17016786,30.38936099,29.60037825
155,GDP per capita (current US$),NY.GDP.PCAP.CD,Sri Lanka,LKA,3.200833829,3.350521876,3.610289363,3.81925353,3.843780672,3.886291502,4.077043721,4.080567125,3.853083693
156,GDP per capita (current US$),NY.GDP.PCAP.CD,St. Kitts and Nevis,KNA,16.53976901,16.04648694,16.68602118,18.05117903,18.02897343,18.81048765,19.1587448,19.27652127,19.93497453
157,GDP per capita (current US$),NY.GDP.PCAP.CD,St. Lucia,LCA,8.983436673,9.086799462,9.378562363,9.843915819,10.09389976,10.3618141,11.04744499,11.35788901,11.61141545
158,GDP per capita (current US$),NY.GDP.PCAP.CD,St. Vincent and the Grenadines,VCT,6.242195332,6.390310632,6.639607146,6.684807367,6.920878074,7.07506582,7.212960181,7.361400962,7.457509504
159,GDP per capita (current US$),NY.GDP.PCAP.CD,Sudan,SDN,1.437773295,1.457894582,1.55722831,1.709999605,1.909738755,1.299261195,1.111868449,0.623867252,0.441505603
160,GDP per capita (current US$),NY.GDP.PCAP.CD,Suriname,SUR,8.263203803,9.200974786,9.402164419,9.471922001,8.562081369,5.5391179,5.637514946,6.015164607,6.359833614
161,GDP per capita (current US$),NY.GDP.PCAP.CD,Sweden,SWE,60.75575955,58.03782132,61.1269432,60.02036046,51.54548361,51.96515715,53.79150873,54.58906039,51.61502065
162,GDP per capita (current US$),NY.GDP.PCAP.CD,Switzerland,CHE,88.41562803,83.53823003,85.1124644,86.60556338,82.08159716,80.17223209,80.44999451,82.81810816,81.99372713
163,GDP per capita (current US$),NY.GDP.PCAP.CD,Tajikistan,TJK,0.847382102,0.969296473,1.048227293,1.104171689,0.929095857,0.802518004,0.806041573,0.826621531,0.870787589
164,GDP per capita (current US$),NY.GDP.PCAP.CD,Tanzania,TZA,0.781437014,0.867867681,0.970416938,1.030092917,0.947933447,0.966474622,1.004841121,1.060994615,1.12212181
165,GDP per capita (current US$),NY.GDP.PCAP.CD,Thailand,THA,5.492121256,5.860582507,6.168262985,5.951883702,5.840046523,5.994231475,6.592914902,7.295475616,7.806742211
166,GDP per capita (current US$),NY.GDP.PCAP.CD,Timor-Leste,TLS,0.94751332,1.013050025,1.210032646,1.232456096,1.332782859,1.353747925,1.286405751,1.230228191,1.560509822
167,GDP per capita (current US$),NY.GDP.PCAP.CD,Togo,TGO,0.587097137,0.571806724,0.621398854,0.64093422,0.570910279,0.597471089,0.626091528,0.679972761,0.679290249
168,GDP per capita (current US$),NY.GDP.PCAP.CD,Tonga,TON,4.002659165,4.581738647,4.428146521,4.354028863,4.336196576,4.158288378,4.513609531,4.740792149,4.903152903
169,GDP per capita (current US$),NY.GDP.PCAP.CD,Trinidad and Tobago,TTO,19.0341492,19.15741704,20.14366445,20.27085937,18.28970434,16.17694737,16.23819319,17.12991309,17.39798176
170,GDP per capita (current US$),NY.GDP.PCAP.CD,Tunisia,TUN,4.264674946,4.152678587,4.222703245,4.305474165,3.861688531,3.697930831,3.481228739,3.438789089,3.317453593
171,GDP per capita (current US$),NY.GDP.PCAP.CD,Turkey,TUR,11.42077326,11.79531671,12.61448026,12.15733796,11.00624974,10.89531869,10.59147437,9.455593654,9.126561346
172,GDP per capita (current US$),NY.GDP.PCAP.CD,Turks and Caicos Islands,TCA,21.83508404,21.34565256,21.71656445,23.77986372,26.18242962,28.2407068,27.54587094,29.55470596,31.35332932
173,GDP per capita (current US$),NY.GDP.PCAP.CD,Tuvalu,TUV,3.64072324,3.507940655,3.454828692,3.398706483,3.197772252,3.255928693,3.572493579,3.700744263,4.059029996
174,GDP per capita (current US$),NY.GDP.PCAP.CD,Uganda,UGA,0.829010345,0.786728053,0.806595521,0.879720233,0.843629416,0.733431251,0.747196907,0.770452453,0.794341078
175,GDP per capita (current US$),NY.GDP.PCAP.CD,Ukraine,UKR,3.569758121,3.855417729,4.029711252,3.104643206,2.124662319,2.18773051,2.640675677,3.096817402,3.659031312
176,GDP per capita (current US$),NY.GDP.PCAP.CD,United Arab Emirates,ARE,39.19467662,40.97649971,42.41263028,43.75183889,38.66338381,38.14184676,40.64480404,43.83935635,43.10332306
177,GDP per capita (current US$),NY.GDP.PCAP.CD,United Kingdom,GBR,42.03857225,42.46277157,43.444533,47.42560768,44.97483188,41.06413343,40.36141738,43.04322782,42.33011754
178,GDP per capita (current US$),NY.GDP.PCAP.CD,United States,USA,49.88681811,51.61060528,53.11766785,55.06474455,56.83938177,57.95158408,60.06222231,62.99647129,65.29751751
179,GDP per capita (current US$),NY.GDP.PCAP.CD,Uruguay,URY,14.23668119,15.17158466,16.97367421,16.83197294,15.61376427,15.38714403,17.32214739,17.27797011,16.19012696
180,GDP per capita (current US$),NY.GDP.PCAP.CD,Uzbekistan,UZB,1.926292997,2.137025122,2.281410973,2.492336643,2.615025134,2.567799207,1.826566919,1.529082864,1.724841134
181,GDP per capita (current US$),NY.GDP.PCAP.CD,Vanuatu,VUT,3.264537017,3.133090209,3.124233078,3.088258303,2.801939848,2.889853036,3.082356323,3.125257989,3.11535862
182,GDP per capita (current US$),NY.GDP.PCAP.CD,"Yemen, Rep.",YEM,1.374621285,1.446536354,1.607152365,1.673146354,1.602037841,1.138682995,0.960528534,0.824117629,0.77433449
183,GDP per capita (current US$),NY.GDP.PCAP.CD,Zambia,ZMB,1.672908251,1.763072733,1.878909697,1.763062571,1.337795586,1.280578447,1.534866751,1.516390661,1.305063254
184,GDP per capita (current US$),NY.GDP.PCAP.CD,Zimbabwe,ZWE,1.093654002,1.304969802,1.430000818,1.43489934,1.445071062,1.464583529,1.548170056,1.683740577,1.46398591
185,GDP per capita (current US$),NY.GDP.PCAP.CD,Arab World,ARB,6.867600192,7.466811811,7.522595344,7.46154515,6.40036035,6.112105953,6.10858822,6.601825189,6.584740241
186,GDP per capita (current US$),NY.GDP.PCAP.CD,Caribbean small states,CSS,9.920892099,10.18727161,10.30663453,10.37628359,10.08396487,9.518183873,9.767970059,10.18721231,10.5009719
187,GDP per capita (current US$),NY.GDP.PCAP.CD,Central Europe and the Baltics,CEB,13.91044737,13.01471588,13.71268451,14.15414254,12.51320184,12.82237622,14.24486448,16.0374819,16.30079207
188,GDP per capita (current US$),NY.GDP.PCAP.CD,Early-demographic dividend,EAR,3.257344363,3.366870461,3.378149213,3.448531261,3.302729124,3.334119688,3.555344906,3.585322188,3.644014598
189,GDP per capita (current US$),NY.GDP.PCAP.CD,East Asia & Pacific,EAS,8.861509063,9.420554328,9.466303549,9.703353763,9.598345328,9.858049013,10.46744302,11.31863549,11.53013813
190,GDP per capita (current US$),NY.GDP.PCAP.CD,East Asia & Pacific (excluding high income),EAP,4.858636743,5.37890505,5.89153524,6.30640729,6.522749115,6.612327237,7.173567315,7.971673386,8.222276873
191,GDP per capita (current US$),NY.GDP.PCAP.CD,East Asia & Pacific (IDA & IBRD countries),TEA,4.910536158,5.436224366,5.954183834,6.373317553,6.591780256,6.682125802,7.249101815,8.055429563,8.308522906
192,GDP per capita (current US$),NY.GDP.PCAP.CD,Euro area,EMU,40.61534797,37.59991575,39.10515174,39.85837398,34.37078718,35.14774223,37.14066985,40.03850678,38.98468599
193,GDP per capita (current US$),NY.GDP.PCAP.CD,Europe & Central Asia,ECS,26.11877026,25.075845,26.0795428,26.30579252,22.55446725,22.38304979,23.62910622,25.21527196,24.74414029
194,GDP per capita (current US$),NY.GDP.PCAP.CD,Europe & Central Asia (excluding high income),ECA,9.628084899,10.20646012,10.74821505,9.91010935,7.47289502,7.058861719,7.879818681,8.031864209,8.133260847
195,GDP per capita (current US$),NY.GDP.PCAP.CD,Europe & Central Asia (IDA & IBRD countries),TEC,10.01776248,10.40644243,10.97312452,10.3193232,8.007285013,7.665377184,8.552952742,8.894670685,9.017278287
196,GDP per capita (current US$),NY.GDP.PCAP.CD,European Union,EUU,35.72153221,33.15911101,34.56374263,35.24219074,30.46962439,31.17222864,33.08091864,35.733716,34.91849837
197,GDP per capita (current US$),NY.GDP.PCAP.CD,Fragile and conflict affected situations,FCS,2.188810694,2.467646304,2.530412354,2.694563718,2.364247697,2.075899974,2.055573604,2.175936541,2.228255245
198,GDP per capita (current US$),NY.GDP.PCAP.CD,Heavily indebted poor countries (HIPC),HPC,0.851248196,0.879591256,0.954138989,0.978223324,0.942457852,0.907015699,0.939509104,0.972942914,0.976741809
199,GDP per capita (current US$),NY.GDP.PCAP.CD,High income,HIC,41.5386329,41.34481369,41.62914595,42.29854932,39.73536008,40.34382132,42.0138899,44.41786792,44.61747653
200,GDP per capita (current US$),NY.GDP.PCAP.CD,IBRD only,IBD,5.288467383,5.567686961,5.82446188,5.966696835,5.581960562,5.573106122,6.09441443,6.448829193,6.561994287
201,GDP per capita (current US$),NY.GDP.PCAP.CD,IDA & IBRD total,IBT,4.312898627,4.530902386,4.738082014,4.85021744,4.54002888,4.505970924,4.889160082,5.15265366,5.228544142
202,GDP per capita (current US$),NY.GDP.PCAP.CD,IDA blend,IDB,1.721487865,1.85973355,1.972599398,2.068654591,1.949312703,1.774194366,1.718482332,1.756039606,1.765663465
203,GDP per capita (current US$),NY.GDP.PCAP.CD,IDA only,IDX,0.918483096,0.942110647,1.028266348,1.07440999,1.079850928,1.066081166,1.118026547,1.170105606,1.200918607
204,GDP per capita (current US$),NY.GDP.PCAP.CD,IDA total,IDA,1.19193609,1.25594428,1.351086986,1.414740409,1.376563719,1.306015544,1.319412191,1.365854651,1.388828141
205,GDP per capita (current US$),NY.GDP.PCAP.CD,Late-demographic dividend,LTE,7.502298838,7.978121731,8.547207141,8.818097994,8.218989911,8.188047858,9.029711738,9.838443252,9.99948842
206,GDP per capita (current US$),NY.GDP.PCAP.CD,Latin America & Caribbean,LCN,10.20463392,10.19839937,10.33777516,10.43058316,8.884945458,8.58962837,9.448255479,9.092672378,8.869894814
207,GDP per capita (current US$),NY.GDP.PCAP.CD,Latin America & Caribbean (excluding high income),LAC,9.882387959,9.837430779,9.948781209,10.07572552,8.475776301,8.155110618,9.005799324,8.593741441,8.390062921
208,GDP per capita (current US$),NY.GDP.PCAP.CD,Latin America & the Caribbean (IDA & IBRD countries),TLA,10.14002156,10.1237367,10.25936423,10.34754534,8.742373,8.429033959,9.303048562,8.934498183,8.702137464
209,GDP per capita (current US$),NY.GDP.PCAP.CD,Least developed countries: UN classification,LDC,0.909273007,0.942424283,1.00425339,1.059646708,1.026911616,0.986659726,1.047708059,1.063167911,1.079204614
210,GDP per capita (current US$),NY.GDP.PCAP.CD,Middle East & North Africa,MEA,8.327377895,8.897037306,8.655902047,8.541767481,7.383279894,7.277532087,7.416585843,7.943946907,7.991129005
211,GDP per capita (current US$),NY.GDP.PCAP.CD,Middle income,MIC,4.518535355,4.7716412,4.992768328,5.119579614,4.804804295,4.780829297,5.196359761,5.478717948,5.573244107
212,GDP per capita (current US$),NY.GDP.PCAP.CD,North America,NAC,50.11418463,51.7256371,53.07978251,54.65493266,55.51993503,56.38885542,58.56415832,61.30589217,63.34407752
213,GDP per capita (current US$),NY.GDP.PCAP.CD,OECD members,OED,37.44099536,37.19015462,37.45262624,37.98795931,35.61207571,36.04474755,37.416315,39.33153423,39.4858942
214,GDP per capita (current US$),NY.GDP.PCAP.CD,Other small states,OSS,14.89627935,15.2194406,15.55607372,15.75351294,12.80790613,12.40235697,13.23082501,14.38279798,13.77829351
215,GDP per capita (current US$),NY.GDP.PCAP.CD,Pacific island small states,PSS,3.451503949,3.624678381,3.72128613,3.987523359,3.841599487,3.967604572,4.216561939,4.341143524,4.264667414
216,GDP per capita (current US$),NY.GDP.PCAP.CD,Post-demographic dividend,PST,42.36674052,42.15144803,42.39154145,43.07123607,40.58725825,41.2996861,42.9295336,45.32199861,45.61888616
217,GDP per capita (current US$),NY.GDP.PCAP.CD,Pre-demographic dividend,PRE,1.568493608,1.678590254,1.788496309,1.834320625,1.5849292,1.400231865,1.416520679,1.455982289,1.485649585
218,GDP per capita (current US$),NY.GDP.PCAP.CD,Small states,SST,13.20894091,13.52684624,13.82104603,14.01221432,11.74904324,11.35362371,12.04834977,13.01375137,12.61546585
219,GDP per capita (current US$),NY.GDP.PCAP.CD,South Asia,SAS,1.367313138,1.364416403,1.381856627,1.494420765,1.541803699,1.650330139,1.866159019,1.898971004,1.956575921
220,GDP per capita (current US$),NY.GDP.PCAP.CD,South Asia (IDA & IBRD),TSA,1.367313138,1.364416403,1.381856627,1.494420765,1.541803699,1.650330139,1.866159019,1.898971004,1.956575921
221,GDP per capita (current US$),NY.GDP.PCAP.CD,Sub-Saharan Africa,SSF,1.740050894,1.781692586,1.847299421,1.866679898,1.669496764,1.50643565,1.563375085,1.596166175,1.596213734
222,GDP per capita (current US$),NY.GDP.PCAP.CD,Sub-Saharan Africa (excluding high income),SSA,1.728555468,1.770419535,1.835658144,1.854672986,1.658630614,1.495055617,1.551297507,1.583532021,1.583926065
223,GDP per capita (current US$),NY.GDP.PCAP.CD,Sub-Saharan Africa (IDA & IBRD countries),TSS,1.740050894,1.781692586,1.847299421,1.866679898,1.669496764,1.50643565,1.563375085,1.596166175,1.596213734
224,GDP per capita (current US$),NY.GDP.PCAP.CD,World,WLD,10.49004879,10.60743728,10.78385444,10.95268397,10.2490914,10.28637614,10.82770326,11.38567523,11.44173286
